Location,Month_2016,AverageSnowFall
"SPARTA 2.8 W, MI US",8,0.0
"SPARTA 2.8 W, MI US",9,0.0
"ROCKFORD, MI US",12,0.9483870967741934
"ROCKFORD, MI US",11,0.4
"KENTWOOD 1.6 WSW, MI US",2,0.0
"SPARTA 2.8 W, MI US",5,0.0
"SPARTA 2.8 W, MI US",6,0.0
"SPARTA 2.8 W, MI US",7,0.0
"KENTWOOD 1.6 WSW, MI US",5,0.0
"COMSTOCK PARK 3.7 NNE, MI US",12,1.1500000000000001
"CALEDONIA 4.4 WNW, MI US",9,0.0
"COMSTOCK PARK 3.7 NNE, MI US",10,0.0
"GRAND RAPIDS 4.6 ESE, MI US",12,2.3899999999999997
"ROCKFORD 0.9 NNE, MI US",5,0.0
"GRAND RAPIDS 4.6 ESE, MI US",10,0.0
"GRAND RAPIDS 4.6 ESE, MI US",11,0.025
"CALEDONIA 4.4 WNW, MI US",3,0.40869565217391307
"CALEDONIA 4.4 WNW, MI US",2,0.8166666666666667
"CALEDONIA 4.4 WNW, MI US",1,0.6478260869565219
"CALEDONIA 4.4 WNW, MI US",7,0.0
"CALEDONIA 4.4 WNW, MI US",6,0.0
"CALEDONIA 4.4 WNW, MI US",5,0.0
"CALEDONIA 4.4 WNW, MI US",4,0.41500000000000004
"ROCKFORD 5.0 ESE, MI US",8,0.0
"ROCKFORD, MI US",7,0.0
"ROCKFORD, MI US",4,0.9
"ROCKFORD, MI US",5,0.0
"ROCKFORD, MI US",2,1.02
"ROCKFORD, MI US",3,0.9285714285714286
"GRAND RAPIDS 2.9 NW, MI US",4,0.3625
"ROCKFORD, MI US",1,0.6583333333333333
"CALEDONIA 4.4 WNW, MI US",12,1.1136363636363635
"CALEDONIA 4.4 WNW, MI US",11,0.0
"ROCKFORD 5.0 ESE, MI US",3,0.0
"ROCKFORD 5.0 ESE, MI US",4,0.0
"ROCKFORD 5.0 ESE, MI US",5,0.0
"ROCKFORD 5.0 ESE, MI US",6,0.0
"ROCKFORD, MI US",9,0.0
"ROCKFORD 0.9 NNE, MI US",12,0.8206896551724137
"ROCKFORD 0.9 NNE, MI US",10,0.0
"ROCKFORD 0.9 NNE, MI US",11,0.009090909090909092
"ROCKFORD 0.9 NNE, MI US",3,0.35000000000000003
"EAST GRAND RAPIDS, MI US",9,0.0
"EAST GRAND RAPIDS, MI US",8,0.0
"EAST GRAND RAPIDS, MI US",7,0.0
"EAST GRAND RAPIDS, MI US",6,0.0
"EAST GRAND RAPIDS, MI US",5,0.0
"EAST GRAND RAPIDS, MI US",4,0.31
"EAST GRAND RAPIDS, MI US",3,0.3161290322580645
"EAST GRAND RAPIDS, MI US",2,0.47586206896551725
"EAST GRAND RAPIDS, MI US",1,0.6806451612903226
"GRANDVILLE 1.3 WSW, MI US",11,0.060000000000000005
"GRAND RAPIDS 2.9 NW, MI US",10,0.0
"GRAND RAPIDS 2.9 NW, MI US",11,0.0
"GRAND RAPIDS 2.9 NW, MI US",12,0.94375
"ALLENDALE 1.3 SSW, MI US",5,0.0
"ADA 1.8 W, MI US",11,0.04
"ADA 1.8 W, MI US",3,0.3225806451612903
"ADA 1.8 W, MI US",12,1.1548387096774195
"ALLENDALE 1.3 SSW, MI US",6,0.0
"ALLENDALE 1.3 SSW, MI US",7,0.0
"ALLENDALE 1.3 SSW, MI US",4,0.5533333333333333
"ADA 1.8 W, MI US",2,0.496551724137931
"ALLENDALE 1.3 SSW, MI US",2,0.6880000000000002
"ALLENDALE 1.3 SSW, MI US",3,0.4117647058823529
"GRAND RAPIDS 2.5 ENE, MI US",12,3.16
"ROCKFORD 0.9 NNE, MI US",1,0.4233333333333333
"ALLENDALE 1.3 SSW, MI US",1,1.3615384615384616
"ROCKFORD 0.9 NNE, MI US",2,0.3827586206896552
"ALLENDALE 1.3 SSW, MI US",8,0.0
"ALLENDALE 1.3 SSW, MI US",9,0.0
"KENTWOOD 1.8 SSE, MI US",11,0.0
"GRANDVILLE 1.3 WSW, MI US",4,0.24666666666666665
"GRANDVILLE 1.3 WSW, MI US",7,0.0
"CALEDONIA 4.4 WNW, MI US",8,0.0
"GRANDVILLE 1.3 WSW, MI US",1,1.003225806451613
"ADA 1.8 W, MI US",7,0.0
"KENTWOOD 1.6 WSW, MI US",3,0.0
"GRANDVILLE 1.3 WSW, MI US",2,0.6464285714285714
"ROCKFORD 0.9 NNE, MI US",4,0.3
"ADA 1.8 W, MI US",6,0.0
"GRANDVILLE 1.3 WSW, MI US",9,0.0
"GRANDVILLE 1.3 WSW, MI US",8,0.0
"GRAND RAPIDS 9.6 ESE, MI US",9,0.0
"ROCKFORD 0.9 NNE, MI US",6,0.0
"GRANDVILLE 1.3 WSW, MI US",10,0.0
"GRAND RAPIDS 2.9 NW, MI US",2,0.375
"ROCKFORD 0.9 NNE, MI US",7,0.0
"ALLENDALE 1.3 SSW, MI US",12,1.2178571428571432
"ROCKFORD 0.9 NNE, MI US",8,0.0
"GRAND RAPIDS 5.5 SSE, MI US",8,0.0
"GRAND RAPIDS 5.5 SSE, MI US",9,0.0
"ROCKFORD 0.9 NNE, MI US",9,0.0
"GRAND RAPIDS 3.2 S, MI US",1,0.0
"GRAND RAPIDS 3.2 S, MI US",3,0.0
"GRAND RAPIDS 3.2 S, MI US",2,0.0
"GRAND RAPIDS 3.2 S, MI US",5,0.0
"GRAND RAPIDS 3.2 S, MI US",4,0.0
"GRAND RAPIDS 3.2 S, MI US",7,0.0
"GRAND RAPIDS 3.2 S, MI US",6,0.0
"GRANDVILLE 1.3 WSW, MI US",5,0.0
"KENTWOOD 1.6 WSW, MI US",9,0.0
"ALLENDALE 2.1 SE, MI US",7,0.0
"KENTWOOD 1.6 WSW, MI US",8,0.0
"GRAND RAPIDS 3.1 NNE, MI US",12,0.0
"ALLENDALE 2.1 SE, MI US",6,0.0
"GRAND RAPIDS 3.1 NNE, MI US",10,0.0
"GRAND RAPIDS GERALD R FORD INTERNATIONAL AIRPORT, MI US",3,0.3258064516129032
"ALLENDALE 2.1 SE, MI US",3,0.0
"COMSTOCK PARK 1.0 NNW, MI US",11,0.0
"ROCKFORD 5.0 ESE, MI US",12,1.5812499999999998
"ROCKFORD 5.0 ESE, MI US",10,0.0
"ROCKFORD 5.0 ESE, MI US",11,0.55
"ADA 1.8 W, MI US",5,0.0
"ADA 1.8 W, MI US",4,0.23333333333333336
"ALLENDALE 2.1 SE, MI US",9,0.0
"ALLENDALE 2.1 SE, MI US",8,0.0
"ADA 1.8 W, MI US",8,0.0
"ROCKFORD, MI US",6,0.0
"GRANDVILLE 1.3 WSW, MI US",3,0.3258064516129032
"GRAND RAPIDS 2.9 NW, MI US",3,0.48888888888888893
"BELMONT 1.0 WNW, MI US",11,0.0
"BELMONT 1.0 WNW, MI US",10,0.0
"BELMONT 1.0 WNW, MI US",12,0.9875000000000002
"ALLENDALE 2.1 SE, MI US",5,0.0
"GRAND RAPIDS 2.9 NW, MI US",6,0.0
"GRAND RAPIDS 2.9 NW, MI US",7,0.0
"GRANDVILLE 1.3 WSW, MI US",12,1.4645161290322586
"GRAND RAPIDS 2.9 NW, MI US",1,0.8764705882352941
"COMSTOCK PARK 1.0 NNW, MI US",10,0.0
"GRAND RAPIDS 2.9 NW, MI US",5,0.0
"GRAND RAPIDS 9.6 ESE, MI US",12,0.0
"GRAND RAPIDS 9.6 ESE, MI US",11,0.0
"KENTWOOD 1.8 SSE, MI US",12,0.0
"GRAND RAPIDS 2.5 ENE, MI US",2,0.3285714285714286
"GRAND RAPIDS 2.5 ENE, MI US",3,1.3
"GRAND RAPIDS 2.5 ENE, MI US",1,1.7999999999999998
"ALLENDALE 2.1 SE, MI US",4,0.0
"GRAND RAPIDS 2.5 ENE, MI US",4,2.6666666666666665
"WYOMING 0.5 NNE, MI US",8,0.0
"GRAND RAPIDS 2.5 ENE, MI US",8,0.0
"GRAND RAPIDS 2.9 NW, MI US",8,0.0
"WYOMING 0.5 NNE, MI US",11,0.008695652173913044
"COMSTOCK PARK 3.7 NNE, MI US",9,0.0
"CALEDONIA 4.4 WNW, MI US",10,0.0
"COMSTOCK PARK 3.7 NNE, MI US",3,0.49230769230769234
"COMSTOCK PARK 3.7 NNE, MI US",2,0.43125
"COMSTOCK PARK 3.7 NNE, MI US",1,0.6636363636363636
"ADA 1.8 W, MI US",9,0.0
"COMSTOCK PARK 3.7 NNE, MI US",7,0.0
"COMSTOCK PARK 3.7 NNE, MI US",6,0.0
"COMSTOCK PARK 3.7 NNE, MI US",5,0.0
"COMSTOCK PARK 3.7 NNE, MI US",4,0.0
"NWSFO GRAND RAPIDS, MI US",8,0.0
"NWSFO GRAND RAPIDS, MI US",9,0.0
"GRANDVILLE 1.3 WSW, MI US",6,0.0
"ROCKFORD, MI US",8,0.0
"NWSFO GRAND RAPIDS, MI US",1,0.6709677419354839
"NWSFO GRAND RAPIDS, MI US",2,0.5103448275862069
"NWSFO GRAND RAPIDS, MI US",3,0.3258064516129032
"NWSFO GRAND RAPIDS, MI US",4,0.31333333333333335
"NWSFO GRAND RAPIDS, MI US",5,0.0
"NWSFO GRAND RAPIDS, MI US",6,0.0
"NWSFO GRAND RAPIDS, MI US",7,0.0
"GRAND RAPIDS 3.1 NNE, MI US",8,0.0
"GRAND RAPIDS 3.1 NNE, MI US",9,0.0
"WYOMING 0.5 NNE, MI US",3,0.332258064516129
"WYOMING 0.5 NNE, MI US",2,0.3620689655172414
"WYOMING 0.5 NNE, MI US",5,0.0
"WYOMING 0.5 NNE, MI US",4,0.16
"WYOMING 0.5 NNE, MI US",7,0.0
"WYOMING 0.5 NNE, MI US",6,0.0
"WYOMING 0.5 NNE, MI US",9,0.0
"GRAND RAPIDS 3.1 NNE, MI US",1,0.0
"GRAND RAPIDS 3.1 NNE, MI US",2,0.0
"GRAND RAPIDS 3.1 NNE, MI US",3,0.0
"GRAND RAPIDS 3.1 NNE, MI US",4,0.32
"GRAND RAPIDS 3.1 NNE, MI US",5,0.0
"GRAND RAPIDS 3.1 NNE, MI US",6,0.0
"GRAND RAPIDS 3.1 NNE, MI US",7,0.0
"KENTWOOD 1.6 WSW, MI US",1,0.0
"KENTWOOD 1.6 WSW, MI US",11,0.0
"KENTWOOD 1.6 WSW, MI US",10,0.0
"KENTWOOD 1.6 WSW, MI US",12,0.0
"GRAND RAPIDS 9.6 ESE, MI US",8,0.0
"KENTWOOD 1.6 WSW, MI US",4,0.0
"WYOMING 0.5 NNE, MI US",1,0.46451612903225803
"GRAND RAPIDS 3.2 S, MI US",8,0.0
"GRAND RAPIDS GERALD R FORD INTERNATIONAL AIRPORT, MI US",1,0.6709677419354839
"GRAND RAPIDS GERALD R FORD INTERNATIONAL AIRPORT, MI US",2,0.5103448275862069
"GRAND RAPIDS 4.6 ESE, MI US",7,0.0
"GRAND RAPIDS GERALD R FORD INTERNATIONAL AIRPORT, MI US",4,0.31333333333333335
"GRAND RAPIDS GERALD R FORD INTERNATIONAL AIRPORT, MI US",5,0.0
"GRAND RAPIDS GERALD R FORD INTERNATIONAL AIRPORT, MI US",6,0.0
"GRAND RAPIDS GERALD R FORD INTERNATIONAL AIRPORT, MI US",7,0.0
"GRAND RAPIDS GERALD R FORD INTERNATIONAL AIRPORT, MI US",8,0.0
"GRAND RAPIDS GERALD R FORD INTERNATIONAL AIRPORT, MI US",9,0.0
"GRAND RAPIDS 4.6 ESE, MI US",8,0.0
"GRAND RAPIDS 4.6 ESE, MI US",9,0.0
"COMSTOCK PARK 1.0 NNW, MI US",12,0.0
"ADA 1.8 W, MI US",10,0.0
"WYOMING 0.5 NNE, MI US",10,0.0
"WYOMING 0.5 NNE, MI US",12,0.7733333333333333
"KENTWOOD 1.6 WSW, MI US",6,0.0
"GRAND RAPIDS 9.6 ESE, MI US",10,0.0
"COMSTOCK PARK 1.0 NNW, MI US",8,0.0
"COMSTOCK PARK 1.0 NNW, MI US",9,0.0
"NWSFO GRAND RAPIDS, MI US",12,1.1935483870967742
"ALLENDALE 1.3 SSW, MI US",10,0.0
"NWSFO GRAND RAPIDS, MI US",10,0.0
"NWSFO GRAND RAPIDS, MI US",11,0.02666666666666667
"GRAND RAPIDS 5.5 SSE, MI US",12,0.0
"GRAND RAPIDS 5.5 SSE, MI US",10,0.0
"GRAND RAPIDS 5.5 SSE, MI US",11,0.0
"BELMONT 1.0 WNW, MI US",1,0.5708333333333332
"ALLENDALE 1.3 SSW, MI US",11,0.05
"BELMONT 1.0 WNW, MI US",2,0.17272727272727273
"BELMONT 1.0 WNW, MI US",5,0.025
"BELMONT 1.0 WNW, MI US",4,0.0
"BELMONT 1.0 WNW, MI US",7,0.0
"BELMONT 1.0 WNW, MI US",6,0.0
"BELMONT 1.0 WNW, MI US",9,0.0
"BELMONT 1.0 WNW, MI US",8,0.0
"GRAND RAPIDS 2.5 ENE, MI US",7,0.0
"JENISON 1.0 NE, MI US",10,0.0
"JENISON 1.0 NE, MI US",11,0.0
"GRAND RAPIDS GERALD R FORD INTERNATIONAL AIRPORT, MI US",12,1.1935483870967742
"GRAND RAPIDS 2.9 NW, MI US",9,0.0
"GRAND RAPIDS GERALD R FORD INTERNATIONAL AIRPORT, MI US",10,0.0
"GRAND RAPIDS GERALD R FORD INTERNATIONAL AIRPORT, MI US",11,0.02666666666666667
"EAST GRAND RAPIDS, MI US",12,1.2645161290322582
"EAST GRAND RAPIDS, MI US",11,0.03333333333333333
"EAST GRAND RAPIDS, MI US",10,0.0
"COMSTOCK PARK 3.7 NNE, MI US",8,0.0
"KENTWOOD 1.6 WSW, MI US",7,0.0
"GRAND RAPIDS 2.5 ENE, MI US",11,1.0
"JENISON 1.0 NE, MI US",8,0.0
"JENISON 1.0 NE, MI US",9,0.0
"JENISON 1.0 NE, MI US",6,0.0
"JENISON 1.0 NE, MI US",7,0.0
"JENISON 1.0 NE, MI US",4,0.0
"JENISON 1.0 NE, MI US",5,0.0
"COMSTOCK PARK 3.7 NNE, MI US",11,0.0
"COMSTOCK PARK 1.0 NNW, MI US",7,0.0
"ADA 1.8 W, MI US",1,0.6096774193548388
