Location,Month_2017,AverageSnowFall
"SPARTA 2.8 W, MI US",8,0.0
"SPARTA 2.8 W, MI US",9,0.0
"ROCKFORD, MI US",12,1.131578947368421
"COMSTOCK PARK 1.0 NNW, MI US",5,0.0
"ROCKFORD, MI US",11,0.0
"SPARTA 2.8 W, MI US",4,0.0
"SPARTA 2.8 W, MI US",5,0.0
"SPARTA 2.8 W, MI US",6,0.0
"SPARTA 2.8 W, MI US",7,0.0
"KENTWOOD 1.6 WSW, MI US",5,0.0
"COMSTOCK PARK 3.7 NNE, MI US",12,1.2444444444444445
"CALEDONIA 4.4 WNW, MI US",9,0.0
"CALEDONIA 4.4 WNW, MI US",8,0.0
"GRAND RAPIDS 4.6 ESE, MI US",12,1.8
"ROCKFORD 0.9 NNE, MI US",5,0.0
"GRAND RAPIDS 4.6 ESE, MI US",10,0.0
"ROCKFORD 0.9 NNE, MI US",7,0.0
"CALEDONIA 4.4 WNW, MI US",3,0.11000000000000001
"CALEDONIA 4.4 WNW, MI US",2,0.05
"CALEDONIA 4.4 WNW, MI US",1,0.5037037037037037
"ALLENDALE 1.3 SSW, MI US",9,0.0
"CALEDONIA 4.4 WNW, MI US",7,0.0
"CALEDONIA 4.4 WNW, MI US",6,0.0
"CALEDONIA 4.4 WNW, MI US",5,0.0
"CALEDONIA 4.4 WNW, MI US",4,0.0
"KENTWOOD 1.6 WSW, MI US",7,0.0
"ROCKFORD, MI US",7,0.0
"ROCKFORD 0.9 NNE, MI US",2,0.05357142857142857
"ROCKFORD, MI US",5,0.0
"ROCKFORD, MI US",2,0.34444444444444444
"ROCKFORD, MI US",3,0.5499999999999999
"GRAND RAPIDS 2.9 NW, MI US",4,0.0
"ROCKFORD, MI US",1,1.0916666666666668
"CALEDONIA 4.4 WNW, MI US",12,1.1636363636363638
"ROCKFORD 5.0 ESE, MI US",2,0.4222222222222223
"ROCKFORD 5.0 ESE, MI US",3,0.3333333333333333
"ROCKFORD 5.0 ESE, MI US",4,0.2
"ROCKFORD 5.0 ESE, MI US",5,0.0
"ROCKFORD, MI US",8,0.0
"ROCKFORD, MI US",9,0.0
"ROCKFORD 0.9 NNE, MI US",12,0.9666666666666667
"ROCKFORD 0.9 NNE, MI US",10,0.0
"ROCKFORD 0.9 NNE, MI US",11,0.0
"ROCKFORD 0.9 NNE, MI US",3,0.05714285714285714
"EAST GRAND RAPIDS, MI US",9,0.0
"EAST GRAND RAPIDS, MI US",8,0.0
"EAST GRAND RAPIDS, MI US",7,0.0
"EAST GRAND RAPIDS, MI US",6,0.0
"EAST GRAND RAPIDS, MI US",5,0.0
"EAST GRAND RAPIDS, MI US",4,0.013333333333333334
"EAST GRAND RAPIDS, MI US",3,0.14193548387096774
"EAST GRAND RAPIDS, MI US",2,0.13214285714285715
"EAST GRAND RAPIDS, MI US",1,0.46451612903225803
"GRANDVILLE 1.3 WSW, MI US",11,0.010000000000000002
"GRAND RAPIDS 2.9 NW, MI US",10,0.0
"GRAND RAPIDS 2.9 NW, MI US",11,0.0
"GRAND RAPIDS 2.9 NW, MI US",12,0.9105263157894737
"ALLENDALE 1.3 SSW, MI US",5,0.0
"GRAND RAPIDS 2.5 ENE, MI US",10,0.0
"ADA 1.8 W, MI US",11,0.04
"ADA 1.8 W, MI US",3,0.3
"ADA 1.8 W, MI US",12,1.5705882352941176
"ALLENDALE 1.3 SSW, MI US",6,0.0
"ALLENDALE 1.3 SSW, MI US",7,0.0
"ALLENDALE 1.3 SSW, MI US",4,0.0
"ADA 1.8 W, MI US",2,0.10714285714285714
"ALLENDALE 1.3 SSW, MI US",2,0.11904761904761907
"ALLENDALE 1.3 SSW, MI US",3,0.16
"GRAND RAPIDS 2.5 ENE, MI US",12,1.1681818181818182
"ROCKFORD 0.9 NNE, MI US",1,0.3387096774193548
"ALLENDALE 1.3 SSW, MI US",1,0.8714285714285714
"COMSTOCK PARK 3.7 NNE, MI US",11,0.0
"ALLENDALE 1.3 SSW, MI US",8,0.0
"ADA 1.8 W, MI US",4,0.04285714285714286
"KENTWOOD 1.8 SSE, MI US",11,0.0
"KENTWOOD 1.8 SSE, MI US",10,0.0
"GRANDVILLE 1.3 WSW, MI US",7,0.0
"COMSTOCK PARK 3.7 NNE, MI US",10,0.0
"GRANDVILLE 1.3 WSW, MI US",1,0.5774193548387097
"KENTWOOD 1.6 WSW, MI US",3,0.0
"GRANDVILLE 1.3 WSW, MI US",2,0.15
"ROCKFORD 0.9 NNE, MI US",4,0.0
"ALLENDALE 2.1 SE, MI US",8,0.0
"GRANDVILLE 1.3 WSW, MI US",9,0.0
"GRANDVILLE 1.3 WSW, MI US",8,0.0
"ROCKFORD 0.9 NNE, MI US",6,0.0
"GRANDVILLE 1.3 WSW, MI US",10,0.0064516129032258064
"GRAND RAPIDS 2.9 NW, MI US",2,0.1111111111111111
"KENTWOOD 1.6 WSW, MI US",2,0.0
"ALLENDALE 1.3 SSW, MI US",12,1.838888888888889
"ROCKFORD 0.9 NNE, MI US",8,0.0
"GRAND RAPIDS 5.5 SSE, MI US",8,0.0
"GRAND RAPIDS 5.5 SSE, MI US",9,0.0
"ROCKFORD 0.9 NNE, MI US",9,0.0
"GRAND RAPIDS 5.5 SSE, MI US",4,0.0
"GRAND RAPIDS 5.5 SSE, MI US",5,0.0
"GRAND RAPIDS 5.5 SSE, MI US",6,0.0
"GRAND RAPIDS 5.5 SSE, MI US",7,0.0
"ALLENDALE 1.3 SSW, MI US",10,0.0
"ALLENDALE 1.3 SSW, MI US",11,0.0
"GRAND RAPIDS 5.5 SSE, MI US",2,0.0
"GRAND RAPIDS 5.5 SSE, MI US",3,0.0
"GRANDVILLE 1.3 WSW, MI US",5,0.0
"GRAND RAPIDS GERALD R FORD INTERNATIONAL AIRPORT, MI US",1,0.4774193548387097
"KENTWOOD 1.6 WSW, MI US",9,0.0
"GRAND RAPIDS 4.6 ESE, MI US",6,0.0
"KENTWOOD 1.6 WSW, MI US",8,0.0
"GRAND RAPIDS 3.1 NNE, MI US",12,0.0
"ADA 1.8 W, MI US",8,0.0
"GRAND RAPIDS 3.1 NNE, MI US",10,0.0
"GRAND RAPIDS 4.6 ESE, MI US",7,0.0
"GRAND RAPIDS 9.6 ESE, MI US",3,0.0
"GRAND RAPIDS 9.6 ESE, MI US",2,0.0
"ROCKFORD 5.0 ESE, MI US",12,1.342857142857143
"ROCKFORD 5.0 ESE, MI US",10,0.0
"ROCKFORD 5.0 ESE, MI US",11,0.1
"ADA 1.8 W, MI US",5,0.0
"GRAND RAPIDS GERALD R FORD INTERNATIONAL AIRPORT, MI US",2,0.08571428571428572
"ADA 1.8 W, MI US",7,0.0
"GRAND RAPIDS GERALD R FORD INTERNATIONAL AIRPORT, MI US",5,0.0
"ROCKFORD, MI US",6,0.0
"GRAND RAPIDS GERALD R FORD INTERNATIONAL AIRPORT, MI US",6,0.0
"GRAND RAPIDS 2.9 NW, MI US",3,0.12631578947368421
"GRAND RAPIDS GERALD R FORD INTERNATIONAL AIRPORT, MI US",7,0.0
"ROCKFORD, MI US",4,0.013333333333333334
"KENTWOOD 1.8 SSE, MI US",5,0.0
"BELMONT 1.0 WNW, MI US",11,0.005263157894736842
"BELMONT 1.0 WNW, MI US",10,0.0
"BELMONT 1.0 WNW, MI US",12,0.6304347826086957
"GRAND RAPIDS 2.5 ENE, MI US",5,0.0
"GRANDVILLE 1.3 WSW, MI US",4,0.0
"GRAND RAPIDS 2.9 NW, MI US",6,0.0
"GRAND RAPIDS GERALD R FORD INTERNATIONAL AIRPORT, MI US",3,0.15161290322580645
"GRAND RAPIDS 2.9 NW, MI US",7,0.0
"GRAND RAPIDS 2.9 NW, MI US",1,0.5454545454545454
"COMSTOCK PARK 1.0 NNW, MI US",10,0.0
"GRAND RAPIDS 2.9 NW, MI US",5,0.0
"COMSTOCK PARK 1.0 NNW, MI US",11,0.0
"GRAND RAPIDS 2.5 ENE, MI US",2,1.0
"GRAND RAPIDS 2.9 NW, MI US",8,0.0
"GRAND RAPIDS 2.5 ENE, MI US",1,1.125
"GRAND RAPIDS 2.5 ENE, MI US",6,0.0
"GRAND RAPIDS 2.5 ENE, MI US",7,0.0
"NWSFO GRAND RAPIDS, MI US",7,0.0
"ROCKFORD 5.0 ESE, MI US",1,0.4928571428571429
"GRAND RAPIDS 9.6 ESE, MI US",6,0.0
"GRAND RAPIDS 2.5 ENE, MI US",8,0.0
"GRAND RAPIDS 2.5 ENE, MI US",9,0.0
"CALEDONIA 4.4 WNW, MI US",11,0.0
"COMSTOCK PARK 3.7 NNE, MI US",9,0.0
"CALEDONIA 4.4 WNW, MI US",10,0.0
"KENTWOOD 1.8 SSE, MI US",7,0.0
"COMSTOCK PARK 3.7 NNE, MI US",3,0.2666666666666667
"COMSTOCK PARK 3.7 NNE, MI US",2,0.18000000000000002
"COMSTOCK PARK 3.7 NNE, MI US",1,0.725
"ADA 1.8 W, MI US",9,0.0
"COMSTOCK PARK 3.7 NNE, MI US",7,0.0
"COMSTOCK PARK 3.7 NNE, MI US",6,0.0
"COMSTOCK PARK 3.7 NNE, MI US",5,0.0
"COMSTOCK PARK 3.7 NNE, MI US",4,0.0
"NWSFO GRAND RAPIDS, MI US",8,0.0
"NWSFO GRAND RAPIDS, MI US",9,0.0
"GRANDVILLE 1.3 WSW, MI US",6,0.0
"GRAND RAPIDS 9.6 ESE, MI US",5,0.0
"NWSFO GRAND RAPIDS, MI US",1,0.4774193548387097
"NWSFO GRAND RAPIDS, MI US",2,0.08571428571428572
"NWSFO GRAND RAPIDS, MI US",3,0.15161290322580645
"NWSFO GRAND RAPIDS, MI US",4,0.013333333333333334
"NWSFO GRAND RAPIDS, MI US",5,0.0
"NWSFO GRAND RAPIDS, MI US",6,0.0
"GRAND RAPIDS 3.8 SE, MI US",6,0.0
"GRAND RAPIDS 3.1 NNE, MI US",8,0.0
"GRAND RAPIDS 3.1 NNE, MI US",9,0.0
"GRANDVILLE 1.3 WSW, MI US",12,1.2666666666666666
"KENTWOOD 1.8 SSE, MI US",6,0.0
"GRAND RAPIDS 3.1 NNE, MI US",2,0.0
"GRAND RAPIDS 3.1 NNE, MI US",4,0.0
"GRAND RAPIDS 3.1 NNE, MI US",5,0.0
"GRAND RAPIDS 3.1 NNE, MI US",6,0.0
"GRAND RAPIDS 3.1 NNE, MI US",7,0.0
"GRAND RAPIDS 9.6 ESE, MI US",4,0.0
"KENTWOOD 1.6 WSW, MI US",1,0.0
"KENTWOOD 1.8 SSE, MI US",9,0.0
"KENTWOOD 1.6 WSW, MI US",11,0.0
"KENTWOOD 1.6 WSW, MI US",10,0.0
"KENTWOOD 1.6 WSW, MI US",12,0.0
"KENTWOOD 1.6 WSW, MI US",4,0.0
"ADA 1.8 W, MI US",6,0.0
"ADA 0.7 SE, MI US",11,0.06666666666666667
"ADA 0.7 SE, MI US",10,0.0
"ADA 0.7 SE, MI US",12,1.58
"WYOMING 0.5 NNE, MI US",1,0.2
"KENTWOOD 1.8 SSE, MI US",8,0.0
"GRANDVILLE 1.3 WSW, MI US",3,0.14838709677419354
"GRAND RAPIDS 4.6 ESE, MI US",4,0.175
"GRAND RAPIDS 4.6 ESE, MI US",5,0.0
"SPARTA 2.8 W, MI US",10,0.0
"SPARTA 2.8 W, MI US",11,0.0
"GRAND RAPIDS GERALD R FORD INTERNATIONAL AIRPORT, MI US",4,0.013333333333333334
"GRAND RAPIDS 4.6 ESE, MI US",1,0.925
"GRAND RAPIDS 4.6 ESE, MI US",2,0.3111111111111111
"GRAND RAPIDS 4.6 ESE, MI US",3,0.2714285714285714
"GRAND RAPIDS GERALD R FORD INTERNATIONAL AIRPORT, MI US",8,0.0
"GRAND RAPIDS GERALD R FORD INTERNATIONAL AIRPORT, MI US",9,0.0
"GRAND RAPIDS 4.6 ESE, MI US",8,0.0
"GRAND RAPIDS 4.6 ESE, MI US",9,0.0
"COMSTOCK PARK 1.0 NNW, MI US",12,0.0
"ADA 1.8 W, MI US",10,0.0
"GRAND RAPIDS SUTRON, MI US",1,0.0
"GRAND RAPIDS SUTRON, MI US",7,0.0
"GRAND RAPIDS SUTRON, MI US",4,0.0
"KENTWOOD 1.6 WSW, MI US",6,0.0
"CUTLERVILLE 1.0 NNE, MI US",4,0.0
"CUTLERVILLE 1.0 NNE, MI US",5,0.0
"CUTLERVILLE 1.0 NNE, MI US",6,0.0
"CUTLERVILLE 1.0 NNE, MI US",7,0.0
"CUTLERVILLE 1.0 NNE, MI US",8,0.0
"CUTLERVILLE 1.0 NNE, MI US",9,0.0
"ROCKFORD, MI US",10,0.0
"GRAND RAPIDS 2.5 ENE, MI US",3,1.25
"NWSFO GRAND RAPIDS, MI US",12,0.07272727272727274
"COMSTOCK PARK 1.0 NNW, MI US",7,0.0
"NWSFO GRAND RAPIDS, MI US",10,0.0
"NWSFO GRAND RAPIDS, MI US",11,0.0
"GRAND RAPIDS 5.5 SSE, MI US",12,0.0
"GRAND RAPIDS 5.5 SSE, MI US",10,0.0
"GRAND RAPIDS 5.5 SSE, MI US",11,0.0
"BELMONT 1.0 WNW, MI US",1,0.5
"BELMONT 1.0 WNW, MI US",3,0.0
"BELMONT 1.0 WNW, MI US",2,0.0
"BELMONT 1.0 WNW, MI US",5,0.0
"BELMONT 1.0 WNW, MI US",4,0.0
"BELMONT 1.0 WNW, MI US",7,0.0
"BELMONT 1.0 WNW, MI US",6,0.0
"BELMONT 1.0 WNW, MI US",9,0.0
"BELMONT 1.0 WNW, MI US",8,0.0
"JENISON 1.0 NE, MI US",10,0.0
"JENISON 1.0 NE, MI US",11,0.0
"JENISON 1.0 NE, MI US",12,0.0
"GRAND RAPIDS 2.5 ENE, MI US",4,0.125
"CUTLERVILLE 1.0 NNE, MI US",12,1.1363636363636365
"CUTLERVILLE 1.0 NNE, MI US",10,0.0
"CUTLERVILLE 1.0 NNE, MI US",11,0.0
"GRAND RAPIDS GERALD R FORD INTERNATIONAL AIRPORT, MI US",12,0.8695652173913045
"GRAND RAPIDS 2.9 NW, MI US",9,0.0
"GRAND RAPIDS GERALD R FORD INTERNATIONAL AIRPORT, MI US",10,0.012903225806451613
"GRAND RAPIDS GERALD R FORD INTERNATIONAL AIRPORT, MI US",11,0.006666666666666667
"EAST GRAND RAPIDS, MI US",12,1.153846153846154
"EAST GRAND RAPIDS, MI US",11,0.006896551724137932
"EAST GRAND RAPIDS, MI US",10,0.0
"COMSTOCK PARK 3.7 NNE, MI US",8,0.0
"GRAND RAPIDS 2.5 ENE, MI US",11,0.0125
"COMSTOCK PARK 1.0 NNW, MI US",8,0.0
"JENISON 1.0 NE, MI US",8,0.0
"JENISON 1.0 NE, MI US",9,0.0
"JENISON 1.0 NE, MI US",6,0.0
"JENISON 1.0 NE, MI US",7,0.0
"JENISON 1.0 NE, MI US",4,0.0
"JENISON 1.0 NE, MI US",5,0.0
"JENISON 1.0 NE, MI US",2,0.0
"JENISON 1.0 NE, MI US",3,0.0
"COMSTOCK PARK 1.0 NNW, MI US",6,0.0
"COMSTOCK PARK 1.0 NNW, MI US",9,0.0
"ADA 1.8 W, MI US",1,0.46774193548387094
"COMSTOCK PARK 1.0 NNW, MI US",4,0.0
